,Date,Product Category,Sales,yesterday_sales,last_week_sales,week_sales_mean
21,2023-01-08,Beauty,0,0.0,3.0,1.8571428571428572
24,2023-01-09,Beauty,0,0.0,1.0,1.4285714285714286
27,2023-01-10,Beauty,0,0.0,2.0,1.2857142857142858
30,2023-01-11,Beauty,7,0.0,5.0,1.0
33,2023-01-12,Beauty,0,7.0,2.0,1.2857142857142858
36,2023-01-13,Beauty,0,0.0,0.0,1.0
39,2023-01-14,Beauty,10,0.0,0.0,1.0
42,2023-01-15,Beauty,2,10.0,0.0,2.4285714285714284
45,2023-01-16,Beauty,4,2.0,0.0,2.7142857142857144
48,2023-01-17,Beauty,1,4.0,0.0,3.2857142857142856
51,2023-01-18,Beauty,0,1.0,7.0,3.4285714285714284
54,2023-01-19,Beauty,0,0.0,0.0,2.4285714285714284
57,2023-01-20,Beauty,1,0.0,0.0,2.4285714285714284
60,2023-01-21,Beauty,3,1.0,10.0,2.5714285714285716
63,2023-01-22,Beauty,0,3.0,2.0,1.5714285714285714
66,2023-01-23,Beauty,0,0.0,4.0,1.2857142857142858
69,2023-01-24,Beauty,7,0.0,1.0,0.7142857142857143
72,2023-01-25,Beauty,0,7.0,0.0,1.5714285714285714
75,2023-01-26,Beauty,7,0.0,0.0,1.5714285714285714
78,2023-01-27,Beauty,3,7.0,1.0,2.5714285714285716
81,2023-01-28,Beauty,0,3.0,3.0,2.857142857142857
84,2023-01-29,Beauty,0,0.0,0.0,2.4285714285714284
87,2023-01-30,Beauty,1,0.0,0.0,2.4285714285714284
90,2023-01-31,Beauty,0,1.0,7.0,2.5714285714285716
93,2023-02-01,Beauty,0,0.0,0.0,1.5714285714285714
96,2023-02-02,Beauty,0,0.0,7.0,1.5714285714285714
99,2023-02-03,Beauty,1,0.0,3.0,0.5714285714285714
102,2023-02-04,Beauty,6,1.0,0.0,0.2857142857142857
105,2023-02-05,Beauty,5,6.0,0.0,1.1428571428571428
108,2023-02-06,Beauty,2,5.0,1.0,1.8571428571428572
111,2023-02-07,Beauty,7,2.0,0.0,2.0
114,2023-02-08,Beauty,0,7.0,0.0,3.0
117,2023-02-09,Beauty,0,0.0,0.0,3.0
120,2023-02-10,Beauty,2,0.0,1.0,3.0
123,2023-02-11,Beauty,4,2.0,6.0,3.142857142857143
126,2023-02-12,Beauty,0,4.0,5.0,2.857142857142857
129,2023-02-13,Beauty,8,0.0,2.0,2.142857142857143
132,2023-02-14,Beauty,0,8.0,7.0,3.0
135,2023-02-15,Beauty,0,0.0,0.0,2.0
138,2023-02-16,Beauty,0,0.0,0.0,2.0
141,2023-02-17,Beauty,8,0.0,2.0,2.0
144,2023-02-18,Beauty,0,8.0,4.0,2.857142857142857
147,2023-02-19,Beauty,4,0.0,0.0,2.2857142857142856
150,2023-02-20,Beauty,0,4.0,8.0,2.857142857142857
153,2023-02-21,Beauty,1,0.0,0.0,1.7142857142857142
156,2023-02-22,Beauty,4,1.0,0.0,1.8571428571428572
159,2023-02-23,Beauty,1,4.0,0.0,2.4285714285714284
162,2023-02-24,Beauty,3,1.0,8.0,2.5714285714285716
165,2023-02-25,Beauty,4,3.0,0.0,1.8571428571428572
168,2023-02-26,Beauty,0,4.0,4.0,2.4285714285714284
171,2023-02-27,Beauty,4,0.0,0.0,1.8571428571428572
174,2023-02-28,Beauty,4,4.0,1.0,2.4285714285714284
177,2023-03-01,Beauty,6,4.0,4.0,2.857142857142857
180,2023-03-02,Beauty,1,6.0,1.0,3.142857142857143
183,2023-03-03,Beauty,5,1.0,3.0,3.142857142857143
186,2023-03-04,Beauty,2,5.0,4.0,3.4285714285714284
189,2023-03-05,Beauty,5,2.0,0.0,3.142857142857143
192,2023-03-06,Beauty,3,5.0,4.0,3.857142857142857
195,2023-03-07,Beauty,3,3.0,4.0,3.7142857142857144
198,2023-03-08,Beauty,0,3.0,6.0,3.5714285714285716
201,2023-03-09,Beauty,0,0.0,1.0,2.7142857142857144
204,2023-03-10,Beauty,1,0.0,5.0,2.5714285714285716
207,2023-03-11,Beauty,0,1.0,2.0,2.0
210,2023-03-12,Beauty,0,0.0,5.0,1.7142857142857142
213,2023-03-13,Beauty,0,0.0,3.0,1.0
216,2023-03-14,Beauty,0,0.0,3.0,0.5714285714285714
219,2023-03-15,Beauty,0,0.0,0.0,0.14285714285714285
222,2023-03-16,Beauty,0,0.0,0.0,0.14285714285714285
225,2023-03-17,Beauty,0,0.0,1.0,0.14285714285714285
228,2023-03-18,Beauty,0,0.0,0.0,0.0
231,2023-03-19,Beauty,0,0.0,0.0,0.0
234,2023-03-20,Beauty,3,0.0,0.0,0.0
237,2023-03-21,Beauty,7,3.0,0.0,0.42857142857142855
240,2023-03-22,Beauty,7,7.0,0.0,1.4285714285714286
243,2023-03-23,Beauty,3,7.0,0.0,2.4285714285714284
246,2023-03-24,Beauty,2,3.0,0.0,2.857142857142857
249,2023-03-25,Beauty,2,2.0,0.0,3.142857142857143
252,2023-03-26,Beauty,0,2.0,0.0,3.4285714285714284
255,2023-03-27,Beauty,1,0.0,3.0,3.4285714285714284
258,2023-03-28,Beauty,0,1.0,7.0,3.142857142857143
261,2023-03-29,Beauty,0,0.0,7.0,2.142857142857143
264,2023-03-30,Beauty,0,0.0,3.0,1.1428571428571428
267,2023-03-31,Beauty,0,0.0,2.0,0.7142857142857143
270,2023-04-01,Beauty,8,0.0,2.0,0.42857142857142855
273,2023-04-02,Beauty,1,8.0,0.0,1.2857142857142858
276,2023-04-03,Beauty,0,1.0,1.0,1.4285714285714286
279,2023-04-04,Beauty,2,0.0,0.0,1.2857142857142858
282,2023-04-05,Beauty,0,2.0,0.0,1.5714285714285714
285,2023-04-06,Beauty,0,0.0,0.0,1.5714285714285714
288,2023-04-07,Beauty,0,0.0,0.0,1.5714285714285714
291,2023-04-08,Beauty,0,0.0,8.0,1.5714285714285714
294,2023-04-09,Beauty,4,0.0,1.0,0.42857142857142855
297,2023-04-10,Beauty,0,4.0,0.0,0.8571428571428571
300,2023-04-11,Beauty,0,0.0,2.0,0.8571428571428571
303,2023-04-12,Beauty,3,0.0,0.0,0.5714285714285714
306,2023-04-13,Beauty,2,3.0,0.0,1.0
309,2023-04-14,Beauty,0,2.0,0.0,1.2857142857142858
312,2023-04-15,Beauty,5,0.0,0.0,1.2857142857142858
315,2023-04-16,Beauty,0,5.0,4.0,2.0
318,2023-04-17,Beauty,1,0.0,0.0,1.4285714285714286
321,2023-04-18,Beauty,7,1.0,0.0,1.5714285714285714
324,2023-04-19,Beauty,5,7.0,3.0,2.5714285714285716
327,2023-04-20,Beauty,7,5.0,2.0,2.857142857142857
330,2023-04-21,Beauty,0,7.0,0.0,3.5714285714285716
333,2023-04-22,Beauty,0,0.0,5.0,3.5714285714285716
336,2023-04-23,Beauty,9,0.0,0.0,2.857142857142857
339,2023-04-24,Beauty,0,9.0,1.0,4.142857142857143
342,2023-04-25,Beauty,1,0.0,7.0,4.0
345,2023-04-26,Beauty,3,1.0,5.0,3.142857142857143
348,2023-04-27,Beauty,4,3.0,7.0,2.857142857142857
351,2023-04-28,Beauty,2,4.0,0.0,2.4285714285714284
354,2023-04-29,Beauty,2,2.0,0.0,2.7142857142857144
357,2023-04-30,Beauty,3,2.0,9.0,3.0
360,2023-05-01,Beauty,2,3.0,0.0,2.142857142857143
363,2023-05-02,Beauty,1,2.0,1.0,2.4285714285714284
366,2023-05-03,Beauty,2,1.0,3.0,2.4285714285714284
369,2023-05-04,Beauty,5,2.0,4.0,2.2857142857142856
372,2023-05-05,Beauty,0,5.0,2.0,2.4285714285714284
375,2023-05-06,Beauty,2,0.0,2.0,2.142857142857143
378,2023-05-07,Beauty,3,2.0,3.0,2.142857142857143
381,2023-05-08,Beauty,4,3.0,2.0,2.142857142857143
384,2023-05-09,Beauty,4,4.0,1.0,2.4285714285714284
387,2023-05-10,Beauty,0,4.0,2.0,2.857142857142857
390,2023-05-11,Beauty,0,0.0,5.0,2.5714285714285716
393,2023-05-12,Beauty,0,0.0,0.0,1.8571428571428572
396,2023-05-13,Beauty,4,0.0,2.0,1.8571428571428572
399,2023-05-14,Beauty,0,4.0,3.0,2.142857142857143
402,2023-05-15,Beauty,3,0.0,4.0,1.7142857142857142
405,2023-05-16,Beauty,6,3.0,4.0,1.5714285714285714
408,2023-05-17,Beauty,0,6.0,0.0,1.8571428571428572
411,2023-05-18,Beauty,0,0.0,0.0,1.8571428571428572
414,2023-05-19,Beauty,4,0.0,0.0,1.8571428571428572
417,2023-05-20,Beauty,0,4.0,4.0,2.4285714285714284
420,2023-05-21,Beauty,0,0.0,0.0,1.8571428571428572
423,2023-05-22,Beauty,3,0.0,3.0,1.8571428571428572
426,2023-05-23,Beauty,10,3.0,6.0,1.8571428571428572
429,2023-05-24,Beauty,0,10.0,0.0,2.4285714285714284
432,2023-05-25,Beauty,2,0.0,0.0,2.4285714285714284
435,2023-05-26,Beauty,3,2.0,4.0,2.7142857142857144
438,2023-05-27,Beauty,0,3.0,0.0,2.5714285714285716
441,2023-05-28,Beauty,0,0.0,0.0,2.5714285714285716
444,2023-05-29,Beauty,4,0.0,3.0,2.5714285714285716
447,2023-05-30,Beauty,3,4.0,10.0,2.7142857142857144
450,2023-05-31,Beauty,0,3.0,0.0,1.7142857142857142
453,2023-06-01,Beauty,1,0.0,2.0,1.7142857142857142
456,2023-06-02,Beauty,0,1.0,3.0,1.5714285714285714
459,2023-06-03,Beauty,2,0.0,0.0,1.1428571428571428
462,2023-06-04,Beauty,1,2.0,0.0,1.4285714285714286
465,2023-06-05,Beauty,0,1.0,4.0,1.5714285714285714
468,2023-06-06,Beauty,4,0.0,3.0,1.0
471,2023-06-07,Beauty,0,4.0,0.0,1.1428571428571428
474,2023-06-08,Beauty,5,0.0,1.0,1.1428571428571428
477,2023-06-09,Beauty,0,5.0,0.0,1.7142857142857142
480,2023-06-10,Beauty,4,0.0,2.0,1.7142857142857142
483,2023-06-11,Beauty,2,4.0,1.0,2.0
486,2023-06-12,Beauty,0,2.0,0.0,2.142857142857143
489,2023-06-13,Beauty,0,0.0,4.0,2.142857142857143
492,2023-06-14,Beauty,0,0.0,0.0,1.5714285714285714
495,2023-06-15,Beauty,6,0.0,5.0,1.5714285714285714
498,2023-06-16,Beauty,4,6.0,0.0,1.7142857142857142
501,2023-06-17,Beauty,5,4.0,4.0,2.2857142857142856
504,2023-06-18,Beauty,0,5.0,2.0,2.4285714285714284
507,2023-06-19,Beauty,4,0.0,0.0,2.142857142857143
510,2023-06-20,Beauty,0,4.0,0.0,2.7142857142857144
513,2023-06-21,Beauty,0,0.0,0.0,2.7142857142857144
516,2023-06-22,Beauty,4,0.0,6.0,2.7142857142857144
519,2023-06-23,Beauty,4,4.0,4.0,2.4285714285714284
522,2023-06-24,Beauty,7,4.0,5.0,2.4285714285714284
525,2023-06-25,Beauty,0,7.0,0.0,2.7142857142857144
528,2023-06-26,Beauty,1,0.0,4.0,2.7142857142857144
531,2023-06-27,Beauty,3,1.0,0.0,2.2857142857142856
534,2023-06-28,Beauty,1,3.0,0.0,2.7142857142857144
537,2023-06-29,Beauty,8,1.0,4.0,2.857142857142857
540,2023-06-30,Beauty,0,8.0,4.0,3.4285714285714284
543,2023-07-01,Beauty,5,0.0,7.0,2.857142857142857
546,2023-07-02,Beauty,0,5.0,0.0,2.5714285714285716
549,2023-07-03,Beauty,0,0.0,1.0,2.5714285714285716
552,2023-07-04,Beauty,0,0.0,3.0,2.4285714285714284
555,2023-07-05,Beauty,2,0.0,1.0,2.0
558,2023-07-06,Beauty,8,2.0,8.0,2.142857142857143
561,2023-07-07,Beauty,0,8.0,0.0,2.142857142857143
564,2023-07-08,Beauty,0,0.0,5.0,2.142857142857143
567,2023-07-09,Beauty,1,0.0,0.0,1.4285714285714286
570,2023-07-10,Beauty,0,1.0,0.0,1.5714285714285714
573,2023-07-11,Beauty,2,0.0,0.0,1.5714285714285714
576,2023-07-12,Beauty,0,2.0,2.0,1.8571428571428572
579,2023-07-13,Beauty,0,0.0,8.0,1.5714285714285714
582,2023-07-14,Beauty,16,0.0,0.0,0.42857142857142855
585,2023-07-15,Beauty,3,16.0,0.0,2.7142857142857144
588,2023-07-16,Beauty,0,3.0,1.0,3.142857142857143
591,2023-07-17,Beauty,0,0.0,0.0,3.0
594,2023-07-18,Beauty,0,0.0,2.0,3.0
597,2023-07-19,Beauty,0,0.0,0.0,2.7142857142857144
600,2023-07-20,Beauty,0,0.0,0.0,2.7142857142857144
603,2023-07-21,Beauty,0,0.0,16.0,2.7142857142857144
606,2023-07-22,Beauty,4,0.0,3.0,0.42857142857142855
609,2023-07-23,Beauty,0,4.0,0.0,0.5714285714285714
612,2023-07-24,Beauty,5,0.0,0.0,0.5714285714285714
615,2023-07-25,Beauty,1,5.0,0.0,1.2857142857142858
618,2023-07-26,Beauty,4,1.0,0.0,1.4285714285714286
621,2023-07-27,Beauty,3,4.0,0.0,2.0
624,2023-07-28,Beauty,8,3.0,0.0,2.4285714285714284
627,2023-07-29,Beauty,1,8.0,4.0,3.5714285714285716
630,2023-07-30,Beauty,4,1.0,0.0,3.142857142857143
633,2023-07-31,Beauty,3,4.0,5.0,3.7142857142857144
636,2023-08-01,Beauty,6,3.0,1.0,3.4285714285714284
639,2023-08-02,Beauty,0,6.0,4.0,4.142857142857143
642,2023-08-03,Beauty,2,0.0,3.0,3.5714285714285716
645,2023-08-04,Beauty,2,2.0,8.0,3.4285714285714284
648,2023-08-05,Beauty,7,2.0,1.0,2.5714285714285716
651,2023-08-06,Beauty,0,7.0,4.0,3.4285714285714284
654,2023-08-07,Beauty,4,0.0,3.0,2.857142857142857
657,2023-08-08,Beauty,0,4.0,6.0,3.0
660,2023-08-09,Beauty,0,0.0,0.0,2.142857142857143
663,2023-08-10,Beauty,0,0.0,2.0,2.142857142857143
666,2023-08-11,Beauty,2,0.0,2.0,1.8571428571428572
669,2023-08-12,Beauty,4,2.0,7.0,1.8571428571428572
672,2023-08-13,Beauty,0,4.0,0.0,1.4285714285714286
675,2023-08-14,Beauty,4,0.0,4.0,1.4285714285714286
678,2023-08-15,Beauty,0,4.0,0.0,1.4285714285714286
681,2023-08-16,Beauty,0,0.0,0.0,1.4285714285714286
684,2023-08-17,Beauty,0,0.0,0.0,1.4285714285714286
687,2023-08-18,Beauty,0,0.0,2.0,1.4285714285714286
690,2023-08-19,Beauty,0,0.0,4.0,1.1428571428571428
693,2023-08-20,Beauty,0,0.0,0.0,0.5714285714285714
696,2023-08-21,Beauty,2,0.0,4.0,0.5714285714285714
699,2023-08-22,Beauty,7,2.0,0.0,0.2857142857142857
702,2023-08-23,Beauty,1,7.0,0.0,1.2857142857142858
705,2023-08-24,Beauty,3,1.0,0.0,1.4285714285714286
708,2023-08-25,Beauty,3,3.0,0.0,1.8571428571428572
711,2023-08-26,Beauty,4,3.0,0.0,2.2857142857142856
714,2023-08-27,Beauty,0,4.0,0.0,2.857142857142857
717,2023-08-28,Beauty,2,0.0,2.0,2.857142857142857
720,2023-08-29,Beauty,3,2.0,7.0,2.857142857142857
723,2023-08-30,Beauty,0,3.0,1.0,2.2857142857142856
726,2023-08-31,Beauty,6,0.0,3.0,2.142857142857143
729,2023-09-01,Beauty,4,6.0,3.0,2.5714285714285716
732,2023-09-02,Beauty,8,4.0,4.0,2.7142857142857144
735,2023-09-03,Beauty,0,8.0,0.0,3.2857142857142856
738,2023-09-04,Beauty,0,0.0,2.0,3.2857142857142856
741,2023-09-05,Beauty,0,0.0,3.0,3.0
744,2023-09-06,Beauty,3,0.0,0.0,2.5714285714285716
747,2023-09-07,Beauty,0,3.0,6.0,3.0
750,2023-09-08,Beauty,6,0.0,4.0,2.142857142857143
753,2023-09-09,Beauty,3,6.0,8.0,2.4285714285714284
756,2023-09-10,Beauty,0,3.0,0.0,1.7142857142857142
759,2023-09-11,Beauty,4,0.0,0.0,1.7142857142857142
762,2023-09-12,Beauty,0,4.0,0.0,2.2857142857142856
765,2023-09-13,Beauty,0,0.0,3.0,2.2857142857142856
768,2023-09-14,Beauty,0,0.0,0.0,1.8571428571428572
771,2023-09-15,Beauty,0,0.0,6.0,1.8571428571428572
774,2023-09-16,Beauty,0,0.0,3.0,1.0
777,2023-09-17,Beauty,3,0.0,0.0,0.5714285714285714
780,2023-09-18,Beauty,10,3.0,4.0,1.0
783,2023-09-19,Beauty,2,10.0,0.0,1.8571428571428572
786,2023-09-20,Beauty,0,2.0,0.0,2.142857142857143
789,2023-09-21,Beauty,0,0.0,0.0,2.142857142857143
792,2023-09-22,Beauty,4,0.0,0.0,2.142857142857143
795,2023-09-23,Beauty,0,4.0,0.0,2.7142857142857144
798,2023-09-24,Beauty,0,0.0,3.0,2.7142857142857144
801,2023-09-25,Beauty,2,0.0,10.0,2.2857142857142856
804,2023-09-26,Beauty,0,2.0,2.0,1.1428571428571428
807,2023-09-27,Beauty,0,0.0,0.0,0.8571428571428571
810,2023-09-28,Beauty,1,0.0,0.0,0.8571428571428571
813,2023-09-29,Beauty,0,1.0,4.0,1.0
816,2023-09-30,Beauty,0,0.0,0.0,0.42857142857142855
819,2023-10-01,Beauty,0,0.0,0.0,0.42857142857142855
822,2023-10-02,Beauty,7,0.0,2.0,0.42857142857142855
825,2023-10-03,Beauty,6,7.0,0.0,1.1428571428571428
828,2023-10-04,Beauty,5,6.0,0.0,2.0
831,2023-10-05,Beauty,1,5.0,1.0,2.7142857142857144
834,2023-10-06,Beauty,0,1.0,0.0,2.7142857142857144
837,2023-10-07,Beauty,0,0.0,0.0,2.7142857142857144
840,2023-10-08,Beauty,0,0.0,0.0,2.7142857142857144
843,2023-10-09,Beauty,0,0.0,7.0,2.7142857142857144
846,2023-10-10,Beauty,10,0.0,6.0,1.7142857142857142
849,2023-10-11,Beauty,5,10.0,5.0,2.2857142857142856
852,2023-10-12,Beauty,1,5.0,1.0,2.2857142857142856
855,2023-10-13,Beauty,2,1.0,0.0,2.2857142857142856
858,2023-10-14,Beauty,0,2.0,0.0,2.5714285714285716
861,2023-10-15,Beauty,0,0.0,0.0,2.5714285714285716
864,2023-10-16,Beauty,0,0.0,0.0,2.5714285714285716
867,2023-10-17,Beauty,3,0.0,10.0,2.5714285714285716
870,2023-10-18,Beauty,1,3.0,5.0,1.5714285714285714
873,2023-10-19,Beauty,1,1.0,1.0,1.0
876,2023-10-20,Beauty,0,1.0,2.0,1.0
879,2023-10-21,Beauty,0,0.0,0.0,0.7142857142857143
882,2023-10-22,Beauty,2,0.0,0.0,0.7142857142857143
885,2023-10-23,Beauty,8,2.0,0.0,1.0
888,2023-10-24,Beauty,3,8.0,3.0,2.142857142857143
891,2023-10-25,Beauty,7,3.0,1.0,2.142857142857143
894,2023-10-26,Beauty,1,7.0,1.0,3.0
897,2023-10-27,Beauty,3,1.0,0.0,3.0
900,2023-10-28,Beauty,0,3.0,0.0,3.4285714285714284
903,2023-10-29,Beauty,10,0.0,2.0,3.4285714285714284
906,2023-10-30,Beauty,3,10.0,8.0,4.571428571428571
909,2023-10-31,Beauty,4,3.0,3.0,3.857142857142857
912,2023-11-01,Beauty,4,4.0,7.0,4.0
915,2023-11-02,Beauty,2,4.0,1.0,3.5714285714285716
918,2023-11-03,Beauty,0,2.0,3.0,3.7142857142857144
921,2023-11-04,Beauty,0,0.0,0.0,3.2857142857142856
924,2023-11-05,Beauty,0,0.0,10.0,3.2857142857142856
927,2023-11-06,Beauty,3,0.0,3.0,1.8571428571428572
930,2023-11-07,Beauty,3,3.0,4.0,1.8571428571428572
933,2023-11-08,Beauty,3,3.0,4.0,1.7142857142857142
936,2023-11-09,Beauty,3,3.0,2.0,1.5714285714285714
939,2023-11-10,Beauty,0,3.0,0.0,1.7142857142857142
942,2023-11-11,Beauty,0,0.0,0.0,1.7142857142857142
945,2023-11-12,Beauty,3,0.0,0.0,1.7142857142857142
948,2023-11-13,Beauty,0,3.0,3.0,2.142857142857143
951,2023-11-14,Beauty,1,0.0,3.0,1.7142857142857142
954,2023-11-15,Beauty,1,1.0,3.0,1.4285714285714286
957,2023-11-16,Beauty,0,1.0,3.0,1.1428571428571428
960,2023-11-17,Beauty,6,0.0,0.0,0.7142857142857143
963,2023-11-18,Beauty,7,6.0,0.0,1.5714285714285714
966,2023-11-19,Beauty,2,7.0,3.0,2.5714285714285716
969,2023-11-20,Beauty,0,2.0,0.0,2.4285714285714284
972,2023-11-21,Beauty,2,0.0,1.0,2.4285714285714284
975,2023-11-22,Beauty,6,2.0,1.0,2.5714285714285716
978,2023-11-23,Beauty,4,6.0,0.0,3.2857142857142856
981,2023-11-24,Beauty,3,4.0,6.0,3.857142857142857
984,2023-11-25,Beauty,2,3.0,7.0,3.4285714285714284
987,2023-11-26,Beauty,4,2.0,2.0,2.7142857142857144
990,2023-11-27,Beauty,3,4.0,0.0,3.0
993,2023-11-28,Beauty,0,3.0,2.0,3.4285714285714284
996,2023-11-29,Beauty,1,0.0,6.0,3.142857142857143
999,2023-11-30,Beauty,0,1.0,4.0,2.4285714285714284
1002,2023-12-01,Beauty,0,0.0,3.0,1.8571428571428572
1005,2023-12-02,Beauty,0,0.0,2.0,1.4285714285714286
1008,2023-12-03,Beauty,0,0.0,4.0,1.1428571428571428
1011,2023-12-04,Beauty,6,0.0,3.0,0.5714285714285714
1014,2023-12-05,Beauty,5,6.0,0.0,1.0
1017,2023-12-06,Beauty,5,5.0,1.0,1.7142857142857142
1020,2023-12-07,Beauty,0,5.0,0.0,2.2857142857142856
1023,2023-12-08,Beauty,0,0.0,0.0,2.2857142857142856
1026,2023-12-09,Beauty,2,0.0,0.0,2.2857142857142856
1029,2023-12-10,Beauty,2,2.0,0.0,2.5714285714285716
1032,2023-12-11,Beauty,0,2.0,6.0,2.857142857142857
1035,2023-12-12,Beauty,3,0.0,5.0,2.0
1038,2023-12-13,Beauty,0,3.0,5.0,1.7142857142857142
1041,2023-12-14,Beauty,2,0.0,0.0,1.0
1044,2023-12-15,Beauty,4,2.0,0.0,1.2857142857142858
1047,2023-12-16,Beauty,0,4.0,2.0,1.8571428571428572
1050,2023-12-17,Beauty,0,0.0,2.0,1.5714285714285714
1053,2023-12-18,Beauty,4,0.0,0.0,1.2857142857142858
1056,2023-12-19,Beauty,3,4.0,3.0,1.8571428571428572
1059,2023-12-20,Beauty,3,3.0,0.0,1.8571428571428572
1062,2023-12-21,Beauty,0,3.0,2.0,2.2857142857142856
1065,2023-12-22,Beauty,2,0.0,4.0,2.0
1068,2023-12-23,Beauty,2,2.0,0.0,1.7142857142857142
1071,2023-12-24,Beauty,0,2.0,0.0,2.0
1074,2023-12-25,Beauty,0,0.0,4.0,2.0
1077,2023-12-26,Beauty,8,0.0,3.0,1.4285714285714286
1080,2023-12-27,Beauty,2,8.0,3.0,2.142857142857143
1083,2023-12-28,Beauty,0,2.0,0.0,2.0
1086,2023-12-29,Beauty,9,0.0,2.0,2.0
1089,2023-12-30,Beauty,0,9.0,2.0,3.0
1092,2023-12-31,Beauty,0,0.0,0.0,2.7142857142857144
1095,2024-01-01,Beauty,3,0.0,0.0,2.7142857142857144
22,2023-01-08,Clothing,2,3.0,7.0,2.857142857142857
25,2023-01-09,Clothing,4,2.0,6.0,2.142857142857143
28,2023-01-10,Clothing,1,4.0,0.0,1.8571428571428572
31,2023-01-11,Clothing,3,1.0,3.0,2.0
34,2023-01-12,Clothing,0,3.0,0.0,2.0
37,2023-01-13,Clothing,4,0.0,1.0,2.0
40,2023-01-14,Clothing,0,4.0,3.0,2.4285714285714284
43,2023-01-15,Clothing,1,0.0,2.0,2.0
46,2023-01-16,Clothing,0,1.0,4.0,1.8571428571428572
49,2023-01-17,Clothing,7,0.0,1.0,1.2857142857142858
52,2023-01-18,Clothing,0,7.0,3.0,2.142857142857143
55,2023-01-19,Clothing,1,0.0,0.0,1.7142857142857142
58,2023-01-20,Clothing,3,1.0,4.0,1.8571428571428572
61,2023-01-21,Clothing,0,3.0,0.0,1.7142857142857142
64,2023-01-22,Clothing,0,0.0,1.0,1.7142857142857142
67,2023-01-23,Clothing,4,0.0,0.0,1.5714285714285714
70,2023-01-24,Clothing,4,4.0,7.0,2.142857142857143
73,2023-01-25,Clothing,0,4.0,0.0,1.7142857142857142
76,2023-01-26,Clothing,4,0.0,1.0,1.7142857142857142
79,2023-01-27,Clothing,6,4.0,3.0,2.142857142857143
82,2023-01-28,Clothing,3,6.0,0.0,2.5714285714285716
85,2023-01-29,Clothing,2,3.0,0.0,3.0
88,2023-01-30,Clothing,0,2.0,4.0,3.2857142857142856
91,2023-01-31,Clothing,3,0.0,4.0,2.7142857142857144
94,2023-02-01,Clothing,7,3.0,0.0,2.5714285714285716
97,2023-02-02,Clothing,1,7.0,4.0,3.5714285714285716
100,2023-02-03,Clothing,4,1.0,6.0,3.142857142857143
103,2023-02-04,Clothing,0,4.0,3.0,2.857142857142857
106,2023-02-05,Clothing,5,0.0,2.0,2.4285714285714284
109,2023-02-06,Clothing,3,5.0,0.0,2.857142857142857
112,2023-02-07,Clothing,2,3.0,3.0,3.2857142857142856
115,2023-02-08,Clothing,4,2.0,7.0,3.142857142857143
118,2023-02-09,Clothing,2,4.0,1.0,2.7142857142857144
121,2023-02-10,Clothing,0,2.0,4.0,2.857142857142857
124,2023-02-11,Clothing,3,0.0,0.0,2.2857142857142856
127,2023-02-12,Clothing,1,3.0,5.0,2.7142857142857144
130,2023-02-13,Clothing,3,1.0,3.0,2.142857142857143
133,2023-02-14,Clothing,2,3.0,2.0,2.142857142857143
136,2023-02-15,Clothing,0,2.0,4.0,2.142857142857143
139,2023-02-16,Clothing,0,0.0,2.0,1.5714285714285714
142,2023-02-17,Clothing,9,0.0,0.0,1.2857142857142858
145,2023-02-18,Clothing,2,9.0,3.0,2.5714285714285716
148,2023-02-19,Clothing,1,2.0,1.0,2.4285714285714284
151,2023-02-20,Clothing,4,1.0,3.0,2.4285714285714284
154,2023-02-21,Clothing,3,4.0,2.0,2.5714285714285716
157,2023-02-22,Clothing,2,3.0,0.0,2.7142857142857144
160,2023-02-23,Clothing,0,2.0,0.0,3.0
163,2023-02-24,Clothing,9,0.0,9.0,3.0
166,2023-02-25,Clothing,0,9.0,2.0,3.0
169,2023-02-26,Clothing,2,0.0,1.0,2.7142857142857144
172,2023-02-27,Clothing,3,2.0,4.0,2.857142857142857
175,2023-02-28,Clothing,3,3.0,3.0,2.7142857142857144
178,2023-03-01,Clothing,0,3.0,2.0,2.7142857142857144
181,2023-03-02,Clothing,0,0.0,0.0,2.4285714285714284
184,2023-03-03,Clothing,4,0.0,9.0,2.4285714285714284
187,2023-03-04,Clothing,0,4.0,0.0,1.7142857142857142
190,2023-03-05,Clothing,0,0.0,2.0,1.7142857142857142
193,2023-03-06,Clothing,7,0.0,3.0,1.4285714285714286
196,2023-03-07,Clothing,7,7.0,3.0,2.0
199,2023-03-08,Clothing,1,7.0,0.0,2.5714285714285716
202,2023-03-09,Clothing,11,1.0,0.0,2.7142857142857144
205,2023-03-10,Clothing,3,11.0,4.0,4.285714285714286
208,2023-03-11,Clothing,1,3.0,0.0,4.142857142857143
211,2023-03-12,Clothing,2,1.0,0.0,4.285714285714286
214,2023-03-13,Clothing,9,2.0,7.0,4.571428571428571
217,2023-03-14,Clothing,0,9.0,7.0,4.857142857142857
220,2023-03-15,Clothing,0,0.0,1.0,3.857142857142857
223,2023-03-16,Clothing,0,0.0,11.0,3.7142857142857144
226,2023-03-17,Clothing,10,0.0,3.0,2.142857142857143
229,2023-03-18,Clothing,7,10.0,1.0,3.142857142857143
232,2023-03-19,Clothing,2,7.0,2.0,4.0
235,2023-03-20,Clothing,7,2.0,9.0,4.0
238,2023-03-21,Clothing,6,7.0,0.0,3.7142857142857144
241,2023-03-22,Clothing,4,6.0,0.0,4.571428571428571
244,2023-03-23,Clothing,7,4.0,0.0,5.142857142857143
247,2023-03-24,Clothing,0,7.0,10.0,6.142857142857143
250,2023-03-25,Clothing,1,0.0,7.0,4.714285714285714
253,2023-03-26,Clothing,8,1.0,2.0,3.857142857142857
256,2023-03-27,Clothing,3,8.0,7.0,4.714285714285714
259,2023-03-28,Clothing,2,3.0,6.0,4.142857142857143
262,2023-03-29,Clothing,1,2.0,4.0,3.5714285714285716
265,2023-03-30,Clothing,4,1.0,7.0,3.142857142857143
268,2023-03-31,Clothing,4,4.0,0.0,2.7142857142857144
271,2023-04-01,Clothing,0,4.0,1.0,3.2857142857142856
274,2023-04-02,Clothing,4,0.0,8.0,3.142857142857143
277,2023-04-03,Clothing,0,4.0,3.0,2.5714285714285716
280,2023-04-04,Clothing,5,0.0,2.0,2.142857142857143
283,2023-04-05,Clothing,4,5.0,1.0,2.5714285714285716
286,2023-04-06,Clothing,0,4.0,4.0,3.0
289,2023-04-07,Clothing,0,0.0,4.0,2.4285714285714284
292,2023-04-08,Clothing,11,0.0,0.0,1.8571428571428572
295,2023-04-09,Clothing,4,11.0,4.0,3.4285714285714284
298,2023-04-10,Clothing,1,4.0,0.0,3.4285714285714284
301,2023-04-11,Clothing,2,1.0,5.0,3.5714285714285716
304,2023-04-12,Clothing,6,2.0,4.0,3.142857142857143
307,2023-04-13,Clothing,2,6.0,0.0,3.4285714285714284
310,2023-04-14,Clothing,0,2.0,0.0,3.7142857142857144
313,2023-04-15,Clothing,0,0.0,11.0,3.7142857142857144
316,2023-04-16,Clothing,1,0.0,4.0,2.142857142857143
319,2023-04-17,Clothing,0,1.0,1.0,1.7142857142857142
322,2023-04-18,Clothing,0,0.0,2.0,1.5714285714285714
325,2023-04-19,Clothing,7,0.0,6.0,1.2857142857142858
328,2023-04-20,Clothing,5,7.0,2.0,1.4285714285714286
331,2023-04-21,Clothing,4,5.0,0.0,1.8571428571428572
334,2023-04-22,Clothing,9,4.0,0.0,2.4285714285714284
337,2023-04-23,Clothing,6,9.0,1.0,3.7142857142857144
340,2023-04-24,Clothing,4,6.0,0.0,4.428571428571429
343,2023-04-25,Clothing,3,4.0,0.0,5.0
346,2023-04-26,Clothing,4,3.0,7.0,5.428571428571429
349,2023-04-27,Clothing,4,4.0,5.0,5.0
352,2023-04-28,Clothing,1,4.0,4.0,4.857142857142857
355,2023-04-29,Clothing,5,1.0,9.0,4.428571428571429
358,2023-04-30,Clothing,1,5.0,6.0,3.857142857142857
361,2023-05-01,Clothing,2,1.0,4.0,3.142857142857143
364,2023-05-02,Clothing,1,2.0,3.0,2.857142857142857
367,2023-05-03,Clothing,6,1.0,4.0,2.5714285714285716
370,2023-05-04,Clothing,2,6.0,4.0,2.857142857142857
373,2023-05-05,Clothing,4,2.0,1.0,2.5714285714285716
376,2023-05-06,Clothing,0,4.0,5.0,3.0
379,2023-05-07,Clothing,4,0.0,1.0,2.2857142857142856
382,2023-05-08,Clothing,3,4.0,2.0,2.7142857142857144
385,2023-05-09,Clothing,2,3.0,1.0,2.857142857142857
388,2023-05-10,Clothing,8,2.0,6.0,3.0
391,2023-05-11,Clothing,1,8.0,2.0,3.2857142857142856
394,2023-05-12,Clothing,4,1.0,4.0,3.142857142857143
397,2023-05-13,Clothing,0,4.0,0.0,3.142857142857143
400,2023-05-14,Clothing,1,0.0,4.0,3.142857142857143
403,2023-05-15,Clothing,0,1.0,3.0,2.7142857142857144
406,2023-05-16,Clothing,5,0.0,2.0,2.2857142857142856
409,2023-05-17,Clothing,2,5.0,8.0,2.7142857142857144
412,2023-05-18,Clothing,1,2.0,1.0,1.8571428571428572
415,2023-05-19,Clothing,0,1.0,4.0,1.8571428571428572
418,2023-05-20,Clothing,5,0.0,0.0,1.2857142857142858
421,2023-05-21,Clothing,4,5.0,1.0,2.0
424,2023-05-22,Clothing,11,4.0,0.0,2.4285714285714284
427,2023-05-23,Clothing,4,11.0,5.0,4.0
430,2023-05-24,Clothing,2,4.0,2.0,3.857142857142857
433,2023-05-25,Clothing,2,2.0,1.0,3.857142857142857
436,2023-05-26,Clothing,6,2.0,0.0,4.0
439,2023-05-27,Clothing,7,6.0,5.0,4.857142857142857
442,2023-05-28,Clothing,3,7.0,4.0,5.142857142857143
445,2023-05-29,Clothing,0,3.0,11.0,5.0
448,2023-05-30,Clothing,0,0.0,4.0,3.4285714285714284
451,2023-05-31,Clothing,7,0.0,2.0,2.857142857142857
454,2023-06-01,Clothing,4,7.0,2.0,3.5714285714285716
457,2023-06-02,Clothing,2,4.0,6.0,3.857142857142857
460,2023-06-03,Clothing,1,2.0,7.0,3.2857142857142856
463,2023-06-04,Clothing,4,1.0,3.0,2.4285714285714284
466,2023-06-05,Clothing,2,4.0,0.0,2.5714285714285716
469,2023-06-06,Clothing,0,2.0,0.0,2.857142857142857
472,2023-06-07,Clothing,2,0.0,7.0,2.857142857142857
475,2023-06-08,Clothing,0,2.0,4.0,2.142857142857143
478,2023-06-09,Clothing,7,0.0,2.0,1.5714285714285714
481,2023-06-10,Clothing,2,7.0,1.0,2.2857142857142856
484,2023-06-11,Clothing,8,2.0,4.0,2.4285714285714284
487,2023-06-12,Clothing,0,8.0,2.0,3.0
490,2023-06-13,Clothing,1,0.0,0.0,2.7142857142857144
493,2023-06-14,Clothing,3,1.0,2.0,2.857142857142857
496,2023-06-15,Clothing,0,3.0,0.0,3.0
499,2023-06-16,Clothing,0,0.0,7.0,3.0
502,2023-06-17,Clothing,4,0.0,2.0,2.0
505,2023-06-18,Clothing,0,4.0,8.0,2.2857142857142856
508,2023-06-19,Clothing,9,0.0,0.0,1.1428571428571428
511,2023-06-20,Clothing,3,9.0,1.0,2.4285714285714284
514,2023-06-21,Clothing,3,3.0,3.0,2.7142857142857144
517,2023-06-22,Clothing,7,3.0,0.0,2.7142857142857144
520,2023-06-23,Clothing,1,7.0,0.0,3.7142857142857144
523,2023-06-24,Clothing,0,1.0,4.0,3.857142857142857
526,2023-06-25,Clothing,0,0.0,0.0,3.2857142857142856
529,2023-06-26,Clothing,0,0.0,9.0,3.2857142857142856
532,2023-06-27,Clothing,0,0.0,3.0,2.0
535,2023-06-28,Clothing,0,0.0,3.0,1.5714285714285714
538,2023-06-29,Clothing,1,0.0,7.0,1.1428571428571428
541,2023-06-30,Clothing,3,1.0,1.0,0.2857142857142857
544,2023-07-01,Clothing,3,3.0,0.0,0.5714285714285714
547,2023-07-02,Clothing,0,3.0,0.0,1.0
550,2023-07-03,Clothing,0,0.0,0.0,1.0
553,2023-07-04,Clothing,1,0.0,0.0,1.0
556,2023-07-05,Clothing,5,1.0,0.0,1.1428571428571428
559,2023-07-06,Clothing,2,5.0,1.0,1.8571428571428572
562,2023-07-07,Clothing,0,2.0,3.0,2.0
565,2023-07-08,Clothing,0,0.0,3.0,1.5714285714285714
568,2023-07-09,Clothing,9,0.0,0.0,1.1428571428571428
571,2023-07-10,Clothing,0,9.0,0.0,2.4285714285714284
574,2023-07-11,Clothing,0,0.0,1.0,2.4285714285714284
577,2023-07-12,Clothing,0,0.0,5.0,2.2857142857142856
580,2023-07-13,Clothing,0,0.0,2.0,1.5714285714285714
583,2023-07-14,Clothing,2,0.0,0.0,1.2857142857142858
586,2023-07-15,Clothing,3,2.0,0.0,1.5714285714285714
589,2023-07-16,Clothing,7,3.0,9.0,2.0
592,2023-07-17,Clothing,4,7.0,0.0,1.7142857142857142
595,2023-07-18,Clothing,0,4.0,0.0,2.2857142857142856
598,2023-07-19,Clothing,0,0.0,0.0,2.2857142857142856
601,2023-07-20,Clothing,0,0.0,0.0,2.2857142857142856
604,2023-07-21,Clothing,0,0.0,2.0,2.2857142857142856
607,2023-07-22,Clothing,1,0.0,3.0,2.0
610,2023-07-23,Clothing,0,1.0,7.0,1.7142857142857142
613,2023-07-24,Clothing,6,0.0,4.0,0.7142857142857143
616,2023-07-25,Clothing,0,6.0,0.0,1.0
619,2023-07-26,Clothing,0,0.0,0.0,1.0
622,2023-07-27,Clothing,2,0.0,0.0,1.0
625,2023-07-28,Clothing,0,2.0,0.0,1.2857142857142858
628,2023-07-29,Clothing,0,0.0,1.0,1.2857142857142858
631,2023-07-30,Clothing,0,0.0,0.0,1.1428571428571428
634,2023-07-31,Clothing,0,0.0,6.0,1.1428571428571428
637,2023-08-01,Clothing,0,0.0,0.0,0.2857142857142857
640,2023-08-02,Clothing,0,0.0,0.0,0.2857142857142857
643,2023-08-03,Clothing,0,0.0,2.0,0.2857142857142857
646,2023-08-04,Clothing,5,0.0,0.0,0.0
649,2023-08-05,Clothing,4,5.0,0.0,0.7142857142857143
652,2023-08-06,Clothing,0,4.0,0.0,1.2857142857142858
655,2023-08-07,Clothing,0,0.0,0.0,1.2857142857142858
658,2023-08-08,Clothing,9,0.0,0.0,1.2857142857142858
661,2023-08-09,Clothing,11,9.0,0.0,2.5714285714285716
664,2023-08-10,Clothing,4,11.0,0.0,4.142857142857143
667,2023-08-11,Clothing,2,4.0,5.0,4.714285714285714
670,2023-08-12,Clothing,4,2.0,4.0,4.285714285714286
673,2023-08-13,Clothing,1,4.0,0.0,4.285714285714286
676,2023-08-14,Clothing,0,1.0,0.0,4.428571428571429
679,2023-08-15,Clothing,3,0.0,9.0,4.428571428571429
682,2023-08-16,Clothing,0,3.0,11.0,3.5714285714285716
685,2023-08-17,Clothing,0,0.0,4.0,2.0
688,2023-08-18,Clothing,4,0.0,2.0,1.4285714285714286
691,2023-08-19,Clothing,3,4.0,4.0,1.7142857142857142
694,2023-08-20,Clothing,0,3.0,1.0,1.5714285714285714
697,2023-08-21,Clothing,2,0.0,0.0,1.4285714285714286
700,2023-08-22,Clothing,0,2.0,3.0,1.7142857142857142
703,2023-08-23,Clothing,5,0.0,0.0,1.2857142857142858
706,2023-08-24,Clothing,0,5.0,0.0,2.0
709,2023-08-25,Clothing,0,0.0,4.0,2.0
712,2023-08-26,Clothing,0,0.0,3.0,1.4285714285714286
715,2023-08-27,Clothing,3,0.0,0.0,1.0
718,2023-08-28,Clothing,7,3.0,2.0,1.4285714285714286
721,2023-08-29,Clothing,5,7.0,0.0,2.142857142857143
724,2023-08-30,Clothing,0,5.0,5.0,2.857142857142857
727,2023-08-31,Clothing,6,0.0,0.0,2.142857142857143
730,2023-09-01,Clothing,2,6.0,0.0,3.0
733,2023-09-02,Clothing,0,2.0,0.0,3.2857142857142856
736,2023-09-03,Clothing,0,0.0,3.0,3.2857142857142856
739,2023-09-04,Clothing,0,0.0,7.0,2.857142857142857
742,2023-09-05,Clothing,1,0.0,5.0,1.8571428571428572
745,2023-09-06,Clothing,15,1.0,0.0,1.2857142857142858
748,2023-09-07,Clothing,10,15.0,6.0,3.4285714285714284
751,2023-09-08,Clothing,0,10.0,2.0,4.0
754,2023-09-09,Clothing,0,0.0,0.0,3.7142857142857144
757,2023-09-10,Clothing,0,0.0,0.0,3.7142857142857144
760,2023-09-11,Clothing,0,0.0,0.0,3.7142857142857144
763,2023-09-12,Clothing,0,0.0,1.0,3.7142857142857144
766,2023-09-13,Clothing,0,0.0,15.0,3.5714285714285716
769,2023-09-14,Clothing,4,0.0,10.0,1.4285714285714286
772,2023-09-15,Clothing,3,4.0,0.0,0.5714285714285714
775,2023-09-16,Clothing,2,3.0,0.0,1.0
778,2023-09-17,Clothing,7,2.0,0.0,1.2857142857142858
781,2023-09-18,Clothing,0,7.0,0.0,2.2857142857142856
784,2023-09-19,Clothing,0,0.0,0.0,2.2857142857142856
787,2023-09-20,Clothing,0,0.0,0.0,2.2857142857142856
790,2023-09-21,Clothing,0,0.0,4.0,2.2857142857142856
793,2023-09-22,Clothing,0,0.0,3.0,1.7142857142857142
796,2023-09-23,Clothing,2,0.0,2.0,1.2857142857142858
799,2023-09-24,Clothing,0,2.0,7.0,1.2857142857142858
802,2023-09-25,Clothing,3,0.0,0.0,0.2857142857142857
805,2023-09-26,Clothing,0,3.0,0.0,0.7142857142857143
808,2023-09-27,Clothing,0,0.0,0.0,0.7142857142857143
811,2023-09-28,Clothing,0,0.0,0.0,0.7142857142857143
814,2023-09-29,Clothing,4,0.0,0.0,0.7142857142857143
817,2023-09-30,Clothing,7,4.0,2.0,1.2857142857142858
820,2023-10-01,Clothing,1,7.0,0.0,2.0
823,2023-10-02,Clothing,4,1.0,3.0,2.142857142857143
826,2023-10-03,Clothing,4,4.0,0.0,2.2857142857142856
829,2023-10-04,Clothing,6,4.0,0.0,2.857142857142857
832,2023-10-05,Clothing,1,6.0,0.0,3.7142857142857144
835,2023-10-06,Clothing,0,1.0,4.0,3.857142857142857
838,2023-10-07,Clothing,4,0.0,7.0,3.2857142857142856
841,2023-10-08,Clothing,1,4.0,1.0,2.857142857142857
844,2023-10-09,Clothing,4,1.0,4.0,2.857142857142857
847,2023-10-10,Clothing,0,4.0,4.0,2.857142857142857
850,2023-10-11,Clothing,4,0.0,6.0,2.2857142857142856
853,2023-10-12,Clothing,4,4.0,1.0,2.0
856,2023-10-13,Clothing,0,4.0,0.0,2.4285714285714284
859,2023-10-14,Clothing,1,0.0,4.0,2.4285714285714284
862,2023-10-15,Clothing,2,1.0,1.0,2.0
865,2023-10-16,Clothing,4,2.0,4.0,2.142857142857143
868,2023-10-17,Clothing,4,4.0,0.0,2.142857142857143
871,2023-10-18,Clothing,0,4.0,4.0,2.7142857142857144
874,2023-10-19,Clothing,7,0.0,4.0,2.142857142857143
877,2023-10-20,Clothing,1,7.0,0.0,2.5714285714285716
880,2023-10-21,Clothing,0,1.0,1.0,2.7142857142857144
883,2023-10-22,Clothing,4,0.0,2.0,2.5714285714285716
886,2023-10-23,Clothing,0,4.0,4.0,2.857142857142857
889,2023-10-24,Clothing,5,0.0,4.0,2.2857142857142856
892,2023-10-25,Clothing,0,5.0,0.0,2.4285714285714284
895,2023-10-26,Clothing,5,0.0,7.0,2.4285714285714284
898,2023-10-27,Clothing,4,5.0,1.0,2.142857142857143
901,2023-10-28,Clothing,0,4.0,0.0,2.5714285714285716
904,2023-10-29,Clothing,1,0.0,4.0,2.5714285714285716
907,2023-10-30,Clothing,0,1.0,0.0,2.142857142857143
910,2023-10-31,Clothing,3,0.0,5.0,2.142857142857143
913,2023-11-01,Clothing,1,3.0,0.0,1.8571428571428572
916,2023-11-02,Clothing,6,1.0,5.0,2.0
919,2023-11-03,Clothing,0,6.0,4.0,2.142857142857143
922,2023-11-04,Clothing,0,0.0,0.0,1.5714285714285714
925,2023-11-05,Clothing,6,0.0,1.0,1.5714285714285714
928,2023-11-06,Clothing,4,6.0,0.0,2.2857142857142856
931,2023-11-07,Clothing,5,4.0,3.0,2.857142857142857
934,2023-11-08,Clothing,0,5.0,1.0,3.142857142857143
937,2023-11-09,Clothing,8,0.0,6.0,3.0
940,2023-11-10,Clothing,0,8.0,0.0,3.2857142857142856
943,2023-11-11,Clothing,0,0.0,0.0,3.2857142857142856
946,2023-11-12,Clothing,0,0.0,6.0,3.2857142857142856
949,2023-11-13,Clothing,5,0.0,4.0,2.4285714285714284
952,2023-11-14,Clothing,3,5.0,5.0,2.5714285714285716
955,2023-11-15,Clothing,0,3.0,0.0,2.2857142857142856
958,2023-11-16,Clothing,0,0.0,8.0,2.2857142857142856
961,2023-11-17,Clothing,3,0.0,0.0,1.1428571428571428
964,2023-11-18,Clothing,0,3.0,0.0,1.5714285714285714
967,2023-11-19,Clothing,4,0.0,0.0,1.5714285714285714
970,2023-11-20,Clothing,0,4.0,5.0,2.142857142857143
973,2023-11-21,Clothing,2,0.0,3.0,1.4285714285714286
976,2023-11-22,Clothing,4,2.0,0.0,1.2857142857142858
979,2023-11-23,Clothing,0,4.0,0.0,1.8571428571428572
982,2023-11-24,Clothing,5,0.0,3.0,1.8571428571428572
985,2023-11-25,Clothing,4,5.0,0.0,2.142857142857143
988,2023-11-26,Clothing,3,4.0,4.0,2.7142857142857144
991,2023-11-27,Clothing,1,3.0,0.0,2.5714285714285716
994,2023-11-28,Clothing,0,1.0,2.0,2.7142857142857144
997,2023-11-29,Clothing,4,0.0,4.0,2.4285714285714284
1000,2023-11-30,Clothing,1,4.0,0.0,2.4285714285714284
1003,2023-12-01,Clothing,2,1.0,5.0,2.5714285714285716
1006,2023-12-02,Clothing,4,2.0,4.0,2.142857142857143
1009,2023-12-03,Clothing,0,4.0,3.0,2.142857142857143
1012,2023-12-04,Clothing,1,0.0,1.0,1.7142857142857142
1015,2023-12-05,Clothing,0,1.0,0.0,1.7142857142857142
1018,2023-12-06,Clothing,3,0.0,4.0,1.7142857142857142
1021,2023-12-07,Clothing,3,3.0,1.0,1.5714285714285714
1024,2023-12-08,Clothing,5,3.0,2.0,1.8571428571428572
1027,2023-12-09,Clothing,2,5.0,4.0,2.2857142857142856
1030,2023-12-10,Clothing,4,2.0,0.0,2.0
1033,2023-12-11,Clothing,3,4.0,1.0,2.5714285714285716
1036,2023-12-12,Clothing,0,3.0,0.0,2.857142857142857
1039,2023-12-13,Clothing,0,0.0,3.0,2.857142857142857
1042,2023-12-14,Clothing,2,0.0,3.0,2.4285714285714284
1045,2023-12-15,Clothing,1,2.0,5.0,2.2857142857142856
1048,2023-12-16,Clothing,0,1.0,2.0,1.7142857142857142
1051,2023-12-17,Clothing,1,0.0,4.0,1.4285714285714286
1054,2023-12-18,Clothing,0,1.0,3.0,1.0
1057,2023-12-19,Clothing,4,0.0,0.0,0.5714285714285714
1060,2023-12-20,Clothing,1,4.0,0.0,1.1428571428571428
1063,2023-12-21,Clothing,1,1.0,2.0,1.2857142857142858
1066,2023-12-22,Clothing,0,1.0,1.0,1.1428571428571428
1069,2023-12-23,Clothing,4,0.0,0.0,1.0
1072,2023-12-24,Clothing,3,4.0,1.0,1.5714285714285714
1075,2023-12-25,Clothing,0,3.0,0.0,1.8571428571428572
1078,2023-12-26,Clothing,5,0.0,4.0,1.8571428571428572
1081,2023-12-27,Clothing,0,5.0,1.0,2.0
1084,2023-12-28,Clothing,4,0.0,1.0,1.8571428571428572
1087,2023-12-29,Clothing,0,4.0,0.0,2.2857142857142856
1090,2023-12-30,Clothing,0,0.0,4.0,2.2857142857142856
1093,2023-12-31,Clothing,0,0.0,3.0,1.7142857142857142
1096,2024-01-01,Clothing,0,0.0,0.0,1.2857142857142858
23,2023-01-08,Electronics,1,3.0,0.0,1.8571428571428572
26,2023-01-09,Electronics,0,1.0,3.0,2.0
29,2023-01-10,Electronics,4,0.0,0.0,1.5714285714285714
32,2023-01-11,Electronics,0,4.0,0.0,2.142857142857143
35,2023-01-12,Electronics,0,0.0,3.0,2.142857142857143
38,2023-01-13,Electronics,7,0.0,4.0,1.7142857142857142
41,2023-01-14,Electronics,0,7.0,3.0,2.142857142857143
44,2023-01-15,Electronics,4,0.0,1.0,1.7142857142857142
47,2023-01-16,Electronics,4,4.0,0.0,2.142857142857143
50,2023-01-17,Electronics,0,4.0,4.0,2.7142857142857144
53,2023-01-18,Electronics,0,0.0,0.0,2.142857142857143
56,2023-01-19,Electronics,0,0.0,0.0,2.142857142857143
59,2023-01-20,Electronics,0,0.0,7.0,2.142857142857143
62,2023-01-21,Electronics,4,0.0,0.0,1.1428571428571428
65,2023-01-22,Electronics,2,4.0,4.0,1.7142857142857142
68,2023-01-23,Electronics,6,2.0,4.0,1.4285714285714286
71,2023-01-24,Electronics,0,6.0,0.0,1.7142857142857142
74,2023-01-25,Electronics,1,0.0,0.0,1.7142857142857142
77,2023-01-26,Electronics,0,1.0,0.0,1.8571428571428572
80,2023-01-27,Electronics,0,0.0,0.0,1.8571428571428572
83,2023-01-28,Electronics,4,0.0,4.0,1.8571428571428572
86,2023-01-29,Electronics,0,4.0,2.0,1.8571428571428572
89,2023-01-30,Electronics,8,0.0,6.0,1.5714285714285714
92,2023-01-31,Electronics,6,8.0,0.0,1.8571428571428572
95,2023-02-01,Electronics,4,6.0,1.0,2.7142857142857144
98,2023-02-02,Electronics,7,4.0,0.0,3.142857142857143
101,2023-02-03,Electronics,0,7.0,0.0,4.142857142857143
104,2023-02-04,Electronics,0,0.0,4.0,4.142857142857143
107,2023-02-05,Electronics,10,0.0,0.0,3.5714285714285716
110,2023-02-06,Electronics,3,10.0,8.0,5.0
113,2023-02-07,Electronics,1,3.0,6.0,4.285714285714286
116,2023-02-08,Electronics,9,1.0,4.0,3.5714285714285716
119,2023-02-09,Electronics,0,9.0,7.0,4.285714285714286
122,2023-02-10,Electronics,4,0.0,0.0,3.2857142857142856
125,2023-02-11,Electronics,5,4.0,0.0,3.857142857142857
128,2023-02-12,Electronics,0,5.0,10.0,4.571428571428571
131,2023-02-13,Electronics,0,0.0,3.0,3.142857142857143
134,2023-02-14,Electronics,1,0.0,1.0,2.7142857142857144
137,2023-02-15,Electronics,0,1.0,9.0,2.7142857142857144
140,2023-02-16,Electronics,3,0.0,0.0,1.4285714285714286
143,2023-02-17,Electronics,4,3.0,4.0,1.8571428571428572
146,2023-02-18,Electronics,0,4.0,5.0,1.8571428571428572
149,2023-02-19,Electronics,0,0.0,0.0,1.1428571428571428
152,2023-02-20,Electronics,3,0.0,0.0,1.1428571428571428
155,2023-02-21,Electronics,0,3.0,1.0,1.5714285714285714
158,2023-02-22,Electronics,6,0.0,0.0,1.4285714285714286
161,2023-02-23,Electronics,0,6.0,3.0,2.2857142857142856
164,2023-02-24,Electronics,0,0.0,4.0,1.8571428571428572
167,2023-02-25,Electronics,5,0.0,0.0,1.2857142857142858
170,2023-02-26,Electronics,0,5.0,0.0,2.0
173,2023-02-27,Electronics,2,0.0,3.0,2.0
176,2023-02-28,Electronics,4,2.0,0.0,1.8571428571428572
179,2023-03-01,Electronics,1,4.0,6.0,2.4285714285714284
182,2023-03-02,Electronics,0,1.0,0.0,1.7142857142857142
185,2023-03-03,Electronics,6,0.0,0.0,1.7142857142857142
188,2023-03-04,Electronics,0,6.0,5.0,2.5714285714285716
191,2023-03-05,Electronics,0,0.0,0.0,1.8571428571428572
194,2023-03-06,Electronics,4,0.0,2.0,1.8571428571428572
197,2023-03-07,Electronics,2,4.0,4.0,2.142857142857143
200,2023-03-08,Electronics,0,2.0,1.0,1.8571428571428572
203,2023-03-09,Electronics,0,0.0,0.0,1.7142857142857142
206,2023-03-10,Electronics,0,0.0,6.0,1.7142857142857142
209,2023-03-11,Electronics,0,0.0,0.0,0.8571428571428571
212,2023-03-12,Electronics,0,0.0,0.0,0.8571428571428571
215,2023-03-13,Electronics,0,0.0,4.0,0.8571428571428571
218,2023-03-14,Electronics,0,0.0,2.0,0.2857142857142857
221,2023-03-15,Electronics,2,0.0,0.0,0.0
224,2023-03-16,Electronics,0,2.0,0.0,0.2857142857142857
227,2023-03-17,Electronics,0,0.0,0.0,0.2857142857142857
230,2023-03-18,Electronics,0,0.0,0.0,0.2857142857142857
233,2023-03-19,Electronics,1,0.0,0.0,0.2857142857142857
236,2023-03-20,Electronics,6,1.0,0.0,0.42857142857142855
239,2023-03-21,Electronics,0,6.0,0.0,1.2857142857142858
242,2023-03-22,Electronics,0,0.0,2.0,1.2857142857142858
245,2023-03-23,Electronics,2,0.0,0.0,1.0
248,2023-03-24,Electronics,3,2.0,0.0,1.2857142857142858
251,2023-03-25,Electronics,3,3.0,0.0,1.7142857142857142
254,2023-03-26,Electronics,2,3.0,1.0,2.142857142857143
257,2023-03-27,Electronics,0,2.0,6.0,2.2857142857142856
260,2023-03-28,Electronics,0,0.0,0.0,1.4285714285714286
263,2023-03-29,Electronics,0,0.0,0.0,1.4285714285714286
266,2023-03-30,Electronics,0,0.0,2.0,1.4285714285714286
269,2023-03-31,Electronics,0,0.0,3.0,1.1428571428571428
272,2023-04-01,Electronics,4,0.0,3.0,0.7142857142857143
275,2023-04-02,Electronics,6,4.0,2.0,0.8571428571428571
278,2023-04-03,Electronics,0,6.0,0.0,1.4285714285714286
281,2023-04-04,Electronics,0,0.0,0.0,1.4285714285714286
284,2023-04-05,Electronics,3,0.0,0.0,1.4285714285714286
287,2023-04-06,Electronics,4,3.0,0.0,1.8571428571428572
290,2023-04-07,Electronics,0,4.0,0.0,2.4285714285714284
293,2023-04-08,Electronics,4,0.0,4.0,2.4285714285714284
296,2023-04-09,Electronics,5,4.0,6.0,2.4285714285714284
299,2023-04-10,Electronics,1,5.0,0.0,2.2857142857142856
302,2023-04-11,Electronics,0,1.0,0.0,2.4285714285714284
305,2023-04-12,Electronics,4,0.0,3.0,2.4285714285714284
308,2023-04-13,Electronics,4,4.0,4.0,2.5714285714285716
311,2023-04-14,Electronics,0,4.0,0.0,2.5714285714285716
314,2023-04-15,Electronics,0,0.0,4.0,2.5714285714285716
317,2023-04-16,Electronics,0,0.0,5.0,2.0
320,2023-04-17,Electronics,0,0.0,1.0,1.2857142857142858
323,2023-04-18,Electronics,2,0.0,0.0,1.1428571428571428
326,2023-04-19,Electronics,3,2.0,4.0,1.4285714285714286
329,2023-04-20,Electronics,2,3.0,4.0,1.2857142857142858
332,2023-04-21,Electronics,1,2.0,0.0,1.0
335,2023-04-22,Electronics,0,1.0,0.0,1.1428571428571428
338,2023-04-23,Electronics,0,0.0,0.0,1.1428571428571428
341,2023-04-24,Electronics,2,0.0,0.0,1.1428571428571428
344,2023-04-25,Electronics,0,2.0,2.0,1.4285714285714286
347,2023-04-26,Electronics,2,0.0,3.0,1.1428571428571428
350,2023-04-27,Electronics,1,2.0,2.0,1.0
353,2023-04-28,Electronics,2,1.0,1.0,0.8571428571428571
356,2023-04-29,Electronics,0,2.0,0.0,1.0
359,2023-04-30,Electronics,2,0.0,0.0,1.0
362,2023-05-01,Electronics,0,2.0,2.0,1.2857142857142858
365,2023-05-02,Electronics,3,0.0,0.0,1.0
368,2023-05-03,Electronics,3,3.0,2.0,1.4285714285714286
371,2023-05-04,Electronics,0,3.0,1.0,1.5714285714285714
374,2023-05-05,Electronics,5,0.0,2.0,1.4285714285714286
377,2023-05-06,Electronics,9,5.0,0.0,1.8571428571428572
380,2023-05-07,Electronics,5,9.0,2.0,3.142857142857143
383,2023-05-08,Electronics,8,5.0,0.0,3.5714285714285716
386,2023-05-09,Electronics,1,8.0,3.0,4.714285714285714
389,2023-05-10,Electronics,0,1.0,3.0,4.428571428571429
392,2023-05-11,Electronics,0,0.0,0.0,4.0
395,2023-05-12,Electronics,0,0.0,5.0,4.0
398,2023-05-13,Electronics,2,0.0,9.0,3.2857142857142856
401,2023-05-14,Electronics,3,2.0,5.0,2.2857142857142856
404,2023-05-15,Electronics,6,3.0,8.0,2.0
407,2023-05-16,Electronics,15,6.0,1.0,1.7142857142857142
410,2023-05-17,Electronics,5,15.0,0.0,3.7142857142857144
413,2023-05-18,Electronics,1,5.0,0.0,4.428571428571429
416,2023-05-19,Electronics,1,1.0,0.0,4.571428571428571
419,2023-05-20,Electronics,2,1.0,2.0,4.714285714285714
422,2023-05-21,Electronics,3,2.0,3.0,4.714285714285714
425,2023-05-22,Electronics,0,3.0,6.0,4.714285714285714
428,2023-05-23,Electronics,15,0.0,15.0,3.857142857142857
431,2023-05-24,Electronics,0,15.0,5.0,3.857142857142857
434,2023-05-25,Electronics,2,0.0,1.0,3.142857142857143
437,2023-05-26,Electronics,0,2.0,1.0,3.2857142857142856
440,2023-05-27,Electronics,2,0.0,2.0,3.142857142857143
443,2023-05-28,Electronics,0,2.0,3.0,3.142857142857143
446,2023-05-29,Electronics,0,0.0,0.0,2.7142857142857144
449,2023-05-30,Electronics,2,0.0,15.0,2.7142857142857144
452,2023-05-31,Electronics,4,2.0,0.0,0.8571428571428571
455,2023-06-01,Electronics,0,4.0,2.0,1.4285714285714286
458,2023-06-02,Electronics,4,0.0,0.0,1.1428571428571428
461,2023-06-03,Electronics,0,4.0,2.0,1.7142857142857142
464,2023-06-04,Electronics,1,0.0,0.0,1.4285714285714286
467,2023-06-05,Electronics,1,1.0,0.0,1.5714285714285714
470,2023-06-06,Electronics,7,1.0,2.0,1.7142857142857142
473,2023-06-07,Electronics,1,7.0,4.0,2.4285714285714284
476,2023-06-08,Electronics,0,1.0,0.0,2.0
479,2023-06-09,Electronics,4,0.0,4.0,2.0
482,2023-06-10,Electronics,5,4.0,0.0,2.0
485,2023-06-11,Electronics,2,5.0,1.0,2.7142857142857144
488,2023-06-12,Electronics,2,2.0,1.0,2.857142857142857
491,2023-06-13,Electronics,0,2.0,7.0,3.0
494,2023-06-14,Electronics,0,0.0,1.0,2.0
497,2023-06-15,Electronics,0,0.0,0.0,1.8571428571428572
500,2023-06-16,Electronics,1,0.0,4.0,1.8571428571428572
503,2023-06-17,Electronics,0,1.0,5.0,1.4285714285714286
506,2023-06-18,Electronics,3,0.0,2.0,0.7142857142857143
509,2023-06-19,Electronics,3,3.0,2.0,0.8571428571428571
512,2023-06-20,Electronics,4,3.0,0.0,1.0
515,2023-06-21,Electronics,4,4.0,0.0,1.5714285714285714
518,2023-06-22,Electronics,0,4.0,0.0,2.142857142857143
521,2023-06-23,Electronics,0,0.0,1.0,2.142857142857143
524,2023-06-24,Electronics,12,0.0,0.0,2.0
527,2023-06-25,Electronics,3,12.0,3.0,3.7142857142857144
530,2023-06-26,Electronics,7,3.0,3.0,3.7142857142857144
533,2023-06-27,Electronics,0,7.0,4.0,4.285714285714286
536,2023-06-28,Electronics,0,0.0,4.0,3.7142857142857144
539,2023-06-29,Electronics,0,0.0,0.0,3.142857142857143
542,2023-06-30,Electronics,0,0.0,0.0,3.142857142857143
545,2023-07-01,Electronics,4,0.0,12.0,3.142857142857143
548,2023-07-02,Electronics,0,4.0,3.0,2.0
551,2023-07-03,Electronics,5,0.0,7.0,1.5714285714285714
554,2023-07-04,Electronics,0,5.0,0.0,1.2857142857142858
557,2023-07-05,Electronics,0,0.0,0.0,1.2857142857142858
560,2023-07-06,Electronics,0,0.0,0.0,1.2857142857142858
563,2023-07-07,Electronics,0,0.0,0.0,1.2857142857142858
566,2023-07-08,Electronics,6,0.0,4.0,1.2857142857142858
569,2023-07-09,Electronics,0,6.0,0.0,1.5714285714285714
572,2023-07-10,Electronics,0,0.0,5.0,1.5714285714285714
575,2023-07-11,Electronics,2,0.0,0.0,0.8571428571428571
578,2023-07-12,Electronics,1,2.0,0.0,1.1428571428571428
581,2023-07-13,Electronics,2,1.0,0.0,1.2857142857142858
584,2023-07-14,Electronics,8,2.0,0.0,1.5714285714285714
587,2023-07-15,Electronics,0,8.0,6.0,2.7142857142857144
590,2023-07-16,Electronics,0,0.0,0.0,1.8571428571428572
593,2023-07-17,Electronics,0,0.0,0.0,1.8571428571428572
596,2023-07-18,Electronics,0,0.0,2.0,1.8571428571428572
599,2023-07-19,Electronics,10,0.0,1.0,1.5714285714285714
602,2023-07-20,Electronics,0,10.0,2.0,2.857142857142857
605,2023-07-21,Electronics,2,0.0,8.0,2.5714285714285716
608,2023-07-22,Electronics,0,2.0,0.0,1.7142857142857142
611,2023-07-23,Electronics,4,0.0,0.0,1.7142857142857142
614,2023-07-24,Electronics,2,4.0,0.0,2.2857142857142856
617,2023-07-25,Electronics,3,2.0,0.0,2.5714285714285716
620,2023-07-26,Electronics,1,3.0,10.0,3.0
623,2023-07-27,Electronics,1,1.0,0.0,1.7142857142857142
626,2023-07-28,Electronics,4,1.0,2.0,1.8571428571428572
629,2023-07-29,Electronics,3,4.0,0.0,2.142857142857143
632,2023-07-30,Electronics,3,3.0,4.0,2.5714285714285716
635,2023-07-31,Electronics,0,3.0,2.0,2.4285714285714284
638,2023-08-01,Electronics,1,0.0,3.0,2.142857142857143
641,2023-08-02,Electronics,2,1.0,1.0,1.8571428571428572
644,2023-08-03,Electronics,2,2.0,1.0,2.0
647,2023-08-04,Electronics,0,2.0,4.0,2.142857142857143
650,2023-08-05,Electronics,6,0.0,3.0,1.5714285714285714
653,2023-08-06,Electronics,5,6.0,3.0,2.0
656,2023-08-07,Electronics,3,5.0,0.0,2.2857142857142856
659,2023-08-08,Electronics,0,3.0,1.0,2.7142857142857144
662,2023-08-09,Electronics,0,0.0,2.0,2.5714285714285716
665,2023-08-10,Electronics,0,0.0,2.0,2.2857142857142856
668,2023-08-11,Electronics,4,0.0,0.0,2.0
671,2023-08-12,Electronics,3,4.0,6.0,2.5714285714285716
674,2023-08-13,Electronics,4,3.0,5.0,2.142857142857143
677,2023-08-14,Electronics,1,4.0,3.0,2.0
680,2023-08-15,Electronics,10,1.0,0.0,1.7142857142857142
683,2023-08-16,Electronics,0,10.0,0.0,3.142857142857143
686,2023-08-17,Electronics,3,0.0,0.0,3.142857142857143
689,2023-08-18,Electronics,4,3.0,4.0,3.5714285714285716
692,2023-08-19,Electronics,5,4.0,3.0,3.5714285714285716
695,2023-08-20,Electronics,3,5.0,4.0,3.857142857142857
698,2023-08-21,Electronics,7,3.0,1.0,3.7142857142857144
701,2023-08-22,Electronics,0,7.0,10.0,4.571428571428571
704,2023-08-23,Electronics,0,0.0,0.0,3.142857142857143
707,2023-08-24,Electronics,5,0.0,3.0,3.142857142857143
710,2023-08-25,Electronics,8,5.0,4.0,3.4285714285714284
713,2023-08-26,Electronics,1,8.0,5.0,4.0
716,2023-08-27,Electronics,8,1.0,3.0,3.4285714285714284
719,2023-08-28,Electronics,0,8.0,7.0,4.142857142857143
722,2023-08-29,Electronics,0,0.0,0.0,3.142857142857143
725,2023-08-30,Electronics,0,0.0,0.0,3.142857142857143
728,2023-08-31,Electronics,2,0.0,5.0,3.142857142857143
731,2023-09-01,Electronics,2,2.0,8.0,2.7142857142857144
734,2023-09-02,Electronics,2,2.0,1.0,1.8571428571428572
737,2023-09-03,Electronics,1,2.0,8.0,2.0
740,2023-09-04,Electronics,2,1.0,0.0,1.0
743,2023-09-05,Electronics,1,2.0,0.0,1.2857142857142858
746,2023-09-06,Electronics,0,1.0,0.0,1.4285714285714286
749,2023-09-07,Electronics,0,0.0,2.0,1.4285714285714286
752,2023-09-08,Electronics,4,0.0,2.0,1.1428571428571428
755,2023-09-09,Electronics,2,4.0,2.0,1.4285714285714286
758,2023-09-10,Electronics,4,2.0,1.0,1.4285714285714286
761,2023-09-11,Electronics,4,4.0,2.0,1.8571428571428572
764,2023-09-12,Electronics,0,4.0,1.0,2.142857142857143
767,2023-09-13,Electronics,2,0.0,0.0,2.0
770,2023-09-14,Electronics,0,2.0,0.0,2.2857142857142856
773,2023-09-15,Electronics,0,0.0,4.0,2.2857142857142856
776,2023-09-16,Electronics,8,0.0,2.0,1.7142857142857142
779,2023-09-17,Electronics,0,8.0,4.0,2.5714285714285716
782,2023-09-18,Electronics,0,0.0,4.0,2.0
785,2023-09-19,Electronics,4,0.0,0.0,1.4285714285714286
788,2023-09-20,Electronics,0,4.0,2.0,2.0
791,2023-09-21,Electronics,4,0.0,0.0,1.7142857142857142
794,2023-09-22,Electronics,0,4.0,0.0,2.2857142857142856
797,2023-09-23,Electronics,0,0.0,8.0,2.2857142857142856
800,2023-09-24,Electronics,4,0.0,0.0,1.1428571428571428
803,2023-09-25,Electronics,3,4.0,0.0,1.7142857142857142
806,2023-09-26,Electronics,2,3.0,4.0,2.142857142857143
809,2023-09-27,Electronics,0,2.0,0.0,1.8571428571428572
812,2023-09-28,Electronics,3,0.0,4.0,1.8571428571428572
815,2023-09-29,Electronics,8,3.0,0.0,1.7142857142857142
818,2023-09-30,Electronics,0,8.0,0.0,2.857142857142857
821,2023-10-01,Electronics,5,0.0,4.0,2.857142857142857
824,2023-10-02,Electronics,4,5.0,3.0,3.0
827,2023-10-03,Electronics,7,4.0,2.0,3.142857142857143
830,2023-10-04,Electronics,6,7.0,0.0,3.857142857142857
833,2023-10-05,Electronics,0,6.0,3.0,4.714285714285714
836,2023-10-06,Electronics,3,0.0,8.0,4.285714285714286
839,2023-10-07,Electronics,8,3.0,0.0,3.5714285714285716
842,2023-10-08,Electronics,4,8.0,5.0,4.714285714285714
845,2023-10-09,Electronics,3,4.0,4.0,4.571428571428571
848,2023-10-10,Electronics,4,3.0,7.0,4.428571428571429
851,2023-10-11,Electronics,7,4.0,6.0,4.0
854,2023-10-12,Electronics,0,7.0,0.0,4.142857142857143
857,2023-10-13,Electronics,7,0.0,3.0,4.142857142857143
860,2023-10-14,Electronics,2,7.0,8.0,4.714285714285714
863,2023-10-15,Electronics,8,2.0,4.0,3.857142857142857
866,2023-10-16,Electronics,9,8.0,3.0,4.428571428571429
869,2023-10-17,Electronics,0,9.0,4.0,5.285714285714286
872,2023-10-18,Electronics,4,0.0,7.0,4.714285714285714
875,2023-10-19,Electronics,0,4.0,0.0,4.285714285714286
878,2023-10-20,Electronics,0,0.0,7.0,4.285714285714286
881,2023-10-21,Electronics,1,0.0,2.0,3.2857142857142856
884,2023-10-22,Electronics,0,1.0,8.0,3.142857142857143
887,2023-10-23,Electronics,1,0.0,9.0,2.0
890,2023-10-24,Electronics,2,1.0,0.0,0.8571428571428571
893,2023-10-25,Electronics,0,2.0,4.0,1.1428571428571428
896,2023-10-26,Electronics,0,0.0,0.0,0.5714285714285714
899,2023-10-27,Electronics,3,0.0,0.0,0.5714285714285714
902,2023-10-28,Electronics,0,3.0,1.0,1.0
905,2023-10-29,Electronics,4,0.0,0.0,0.8571428571428571
908,2023-10-30,Electronics,0,4.0,1.0,1.4285714285714286
911,2023-10-31,Electronics,3,0.0,2.0,1.2857142857142858
914,2023-11-01,Electronics,5,3.0,0.0,1.4285714285714286
917,2023-11-02,Electronics,8,5.0,0.0,2.142857142857143
920,2023-11-03,Electronics,4,8.0,3.0,3.2857142857142856
923,2023-11-04,Electronics,1,4.0,0.0,3.4285714285714284
926,2023-11-05,Electronics,0,1.0,4.0,3.5714285714285716
929,2023-11-06,Electronics,0,0.0,0.0,3.0
932,2023-11-07,Electronics,2,0.0,3.0,3.0
935,2023-11-08,Electronics,4,2.0,5.0,2.857142857142857
938,2023-11-09,Electronics,0,4.0,8.0,2.7142857142857144
941,2023-11-10,Electronics,4,0.0,4.0,1.5714285714285714
944,2023-11-11,Electronics,0,4.0,1.0,1.5714285714285714
947,2023-11-12,Electronics,3,0.0,0.0,1.4285714285714286
950,2023-11-13,Electronics,0,3.0,0.0,1.8571428571428572
953,2023-11-14,Electronics,5,0.0,2.0,1.8571428571428572
956,2023-11-15,Electronics,7,5.0,4.0,2.2857142857142856
959,2023-11-16,Electronics,3,7.0,0.0,2.7142857142857144
962,2023-11-17,Electronics,4,3.0,4.0,3.142857142857143
965,2023-11-18,Electronics,0,4.0,0.0,3.142857142857143
968,2023-11-19,Electronics,0,0.0,3.0,3.142857142857143
971,2023-11-20,Electronics,2,0.0,0.0,2.7142857142857144
974,2023-11-21,Electronics,3,2.0,5.0,3.0
977,2023-11-22,Electronics,0,3.0,7.0,2.7142857142857144
980,2023-11-23,Electronics,4,0.0,3.0,1.7142857142857142
983,2023-11-24,Electronics,0,4.0,4.0,1.8571428571428572
986,2023-11-25,Electronics,0,0.0,0.0,1.2857142857142858
989,2023-11-26,Electronics,0,0.0,0.0,1.2857142857142858
992,2023-11-27,Electronics,4,0.0,2.0,1.2857142857142858
995,2023-11-28,Electronics,4,4.0,3.0,1.5714285714285714
998,2023-11-29,Electronics,0,4.0,0.0,1.7142857142857142
1001,2023-11-30,Electronics,6,0.0,4.0,1.7142857142857142
1004,2023-12-01,Electronics,2,6.0,0.0,2.0
1007,2023-12-02,Electronics,3,2.0,0.0,2.2857142857142856
1010,2023-12-03,Electronics,2,3.0,0.0,2.7142857142857144
1013,2023-12-04,Electronics,1,2.0,4.0,3.0
1016,2023-12-05,Electronics,11,1.0,4.0,2.5714285714285716
1019,2023-12-06,Electronics,3,11.0,0.0,3.5714285714285716
1022,2023-12-07,Electronics,1,3.0,6.0,4.0
1025,2023-12-08,Electronics,3,1.0,2.0,3.2857142857142856
1028,2023-12-09,Electronics,10,3.0,3.0,3.4285714285714284
1031,2023-12-10,Electronics,4,10.0,2.0,4.428571428571429
1034,2023-12-11,Electronics,1,4.0,1.0,4.714285714285714
1037,2023-12-12,Electronics,1,1.0,11.0,4.714285714285714
1040,2023-12-13,Electronics,7,1.0,3.0,3.2857142857142856
1043,2023-12-14,Electronics,0,7.0,1.0,3.857142857142857
1046,2023-12-15,Electronics,0,0.0,3.0,3.7142857142857144
1049,2023-12-16,Electronics,5,0.0,10.0,3.2857142857142856
1052,2023-12-17,Electronics,4,5.0,4.0,2.5714285714285716
1055,2023-12-18,Electronics,4,4.0,1.0,2.5714285714285716
1058,2023-12-19,Electronics,0,4.0,1.0,3.0
1061,2023-12-20,Electronics,9,0.0,7.0,2.857142857142857
1064,2023-12-21,Electronics,0,9.0,0.0,3.142857142857143
1067,2023-12-22,Electronics,0,0.0,0.0,3.142857142857143
1070,2023-12-23,Electronics,5,0.0,5.0,3.142857142857143
1073,2023-12-24,Electronics,1,5.0,4.0,3.142857142857143
1076,2023-12-25,Electronics,4,1.0,4.0,2.7142857142857144
1079,2023-12-26,Electronics,0,4.0,0.0,2.7142857142857144
1082,2023-12-27,Electronics,2,0.0,9.0,2.7142857142857144
1085,2023-12-28,Electronics,3,2.0,0.0,1.7142857142857142
1088,2023-12-29,Electronics,4,3.0,0.0,2.142857142857143
1091,2023-12-30,Electronics,0,4.0,5.0,2.7142857142857144
1094,2023-12-31,Electronics,2,0.0,1.0,2.0
1097,2024-01-01,Electronics,1,2.0,4.0,2.142857142857143
